{
    "author": "Josh.5",
    "compatibility": [
        2
    ],
    "description": "Ensure all audio streams are encoded with the AAC codec using the native FFmpeg aac encoder.",
    "icon": "https://raw.githubusercontent.com/Unmanic/plugin.encoder_audio_aac/master/icon.png",
    "id": "encoder_audio_aac",
    "name": "Audio Encoder AAC",
    "platform": [
        "all"
    ],
    "priorities": {
        "on_library_management_file_test": 99,
        "on_worker_process": 0
    },
    "tags": "audio,encoder,ffmpeg,library file test",
    "version": "0.0.7"
}
